complete_result,prompt
null,
null,
null,
null,
null,
"{""candidates"":[{""content"":{""parts"":[{""text"":""**New Apology from the Company:**\n\nDear Valued Customer,\n\nWe sincerely apologize for the inconvenience and frustration you have experienced regarding your recent termination of service with XXXX.\n\nWe understand that you have expressed concerns about being charged for not returning equipment that you believe you did return. We acknowledge that we have not yet been able to verify this information to your satisfaction.\n\nWe have received your requests for verification and have been making diligent efforts to investigate the matter. We are committed to resolving this issue as quickly as possible.\n\nIn the meantime, we would like to address the concern raised about repeated phone calls. We apologize if the frequency of our contact has been excessive or has caused you undue harassment. We will take immediate steps to reduce the number""}],""role"":""model""},""finish_reason"":1,""safety_ratings"":[{""category"":1,""probability"":1,""probability_score"":0.047337718,""severity"":1,""severity_score"":0.015483989},{""category"":2,""probability"":1,""probability_score"":0.034036152,""severity"":1,""severity_score"":0.0087113846},{""category"":3,""probability"":1,""probability_score"":0.19884087,""severity"":1,""severity_score"":0.021906368},{""category"":4,""probability"":1,""probability_score"":0.071461484,""severity"":1,""severity_score"":0.081959546}]}],""usage_metadata"":{""candidates_token_count"":150,""prompt_token_count"":73,""total_token_count"":223}}",Can you read the following complaint message and company public response and reply with a new apology from the company?I used to have XXXX. I returned the equipment but was told the charge was from not returning the equipment. I have requested a verification numerous times and have been harassed by repeated phone calls. Please advise.Company believes it acted appropriately as authorized by contract or law
"{""candidates"":[{""content"":{""parts"":[{""text"":""**New Apology from the Company:**\n\nDear XXXX XXXX,\n\nWe are deeply sorry for the frustration and inconvenience you have experienced regarding the inaccurate balance reported on your credit report.\n\nWe acknowledge that you have made several attempts to resolve this issue with Enhanced Recovery and our company. We understand that the conflicting information you have received has been stressful and damaging to your credit score.\n\nUpon further investigation, we have determined that there was an error in our system that resulted in the incorrect balance being reported to the credit bureau. This error has now been corrected, and we have confirmed with the credit bureau that your account now reflects a zero balance.\n\nWe sincerely apologize for the impact this error has had on your financial well-being. We have taken steps""}],""role"":""model""},""finish_reason"":2,""safety_ratings"":[{""category"":1,""probability"":1,""probability_score"":0.076132476,""severity"":1,""severity_score"":0.0607519},{""category"":2,""probability"":1,""probability_score"":0.044348583,""severity"":1,""severity_score"":0.010248601},{""category"":3,""probability"":1,""probability_score"":0.13892843,""severity"":1,""severity_score"":0.049222112},{""category"":4,""probability"":1,""probability_score"":0.035410732,""severity"":1,""severity_score"":0.033462934}]}],""usage_metadata"":{""candidates_token_count"":150,""prompt_token_count"":295,""total_token_count"":445}}","Can you read the following complaint message and company public response and reply with a new apology from the company?XXXX XXXX stated and made a negative derogatory claim on my credit report of {$560.00} owed to XXXX XXXX XXXX phone company. I have paid my balance that I owed XXXX XXXX XXXX on XX/XX/XXXX and confirmed it with XXXX XXXX XXXX, they also sent me an email confirming I owe nothing on that account. I have talk to enhanced recovery back in XX/XX/XXXX and was suppose to have all this situated and resolved. As of XX/XX/XXXX when me and my wife talked to enhanced recovery collections they said that we still owe the {$560.00} according to their records and that we only called one time in XX/XX/XXXX. This is false and will release all my phone logs to prove differently. When we spoke to XXXX XXXX XXXX in XX/XX/XXXX they sent out to the XXXX XXXX  that our debt was paid in full and XXXX XXXX   seems to ignore this. You can not talk to them because all they do is repeate the sentence over and over regardless of the validity of information you have. This issue has killed my credit score, and  prevented me to make it better over the past year. Something needs done I can not keep having this stress in my life when I do not owe Anything.Company believes it acted appropriately as authorized by contract or law"
null,
null,
null,
null,
null,
"{""candidates"":[{""content"":{""parts"":[{""text"":""**New Company Apology:**\n\n\""Dear Valued Customer,\n\nWe sincerely apologize for the delay in updating your credit reports to reflect your paid-in-full balance. We understand that this has caused you frustration and inconvenience.\n\nUpon further investigation, we have confirmed that your balance was received and processed on [Date]. We have now manually updated your credit reports with all three major credit bureaus to reflect the accurate status of your account.\n\nWe take full responsibility for this error and have taken steps to prevent similar issues from occurring in the future. We appreciate your patience and understanding as we work diligently to correct this matter.\n\nIf you have any further questions or concerns, please do not hesitate to contact us.\n\nThank you for your continued business""}],""role"":""model""},""finish_reason"":2,""safety_ratings"":[{""category"":1,""probability"":1,""probability_score"":0.070816204,""severity"":1,""severity_score"":0.034749627},{""category"":2,""probability"":1,""probability_score"":0.044514429,""severity"":1,""severity_score"":0.0088816751},{""category"":3,""probability"":1,""probability_score"":0.10781264,""severity"":1,""severity_score"":0.025419652},{""category"":4,""probability"":1,""probability_score"":0.047602657,""severity"":1,""severity_score"":0.031979561}]}],""usage_metadata"":{""candidates_token_count"":150,""prompt_token_count"":179,""total_token_count"":329}}","Can you read the following complaint message and company public response and reply with a new apology from the company?Enhanced Recovery company holds ownership of a debt I owed to XXXX XXXX XXXX originally. Yes the account became delinquent and has been for some time. I have however COMPLETELY PAID the balance to ERC MONTHS AGO. IN FULL. It has not been updated to the credit reporting agencys that this bill has been paid. 
I have also disputed this line on my credit reports with XXXX, XXXX, and XXXX. Yet only one of them removed the line. 

ERC reference number to this debt is XXXX. 

Bill was paid in XXXX XXXX. Im attaching the bank statement proving I paid the balance for the debt in full. 

Look for this line XXXX XXXX XXXX XXXX XXXX XXXX XXXX XXXX XXXX ERC XXXX FLCompany believes it acted appropriately as authorized by contract or law"
null,
null,
null,
"{""candidates"":[{""content"":{""parts"":[{""text"":""**New Apology from the Company:**\n\nDear [Customer Name],\n\nWe sincerely apologize for the inconvenience and frustration caused by this billing error. We understand the importance of maintaining a positive and trustworthy relationship with our customers.\n\nUpon further investigation, we have identified that a technical error occurred which resulted in the unauthorized charge after you had canceled your package. We deeply regret this oversight and have taken immediate steps to rectify the situation.\n\nWe have canceled the erroneous charge and reversed any additional fees that may have been applied. We have also updated our systems to prevent similar errors from occurring in the future.\n\nWe value your loyalty as a customer and want to assure you that we are committed to providing exceptional service. We understand that this incident has eroded your trust""}],""role"":""model""},""finish_reason"":2,""safety_ratings"":[{""category"":1,""probability"":1,""probability_score"":0.042722195,""severity"":1,""severity_score"":0.020606477},{""category"":2,""probability"":1,""probability_score"":0.029591374,""severity"":1,""severity_score"":0.0074606435},{""category"":3,""probability"":1,""probability_score"":0.14080817,""severity"":1,""severity_score"":0.022759156},{""category"":4,""probability"":1,""probability_score"":0.060197048,""severity"":1,""severity_score"":0.048226342}]}],""usage_metadata"":{""candidates_token_count"":150,""prompt_token_count"":127,""total_token_count"":277}}","Can you read the following complaint message and company public response and reply with a new apology from the company?I had XXXX for some years. So they offered me a package to watch for being a good customer. The only terms was I was to cancel the package before the ending period..which i did. 
But XXXX still charged me for the package that I canceled before the ending date..this account is over 6 years old now. 
Also it 's the 3 or 4th time that they are trying to collect a debt that I do not oweCompany believes it acted appropriately as authorized by contract or law"
null,
null,
null,